cnt,weathersit,temp,atemp,hum,windspeed
1061129,1.297872340425532,0.7063093085106382,0.6558983936170213,0.6334820585106383,0.17209502074468086
918589,1.4021739130434783,0.5444051576086956,0.5203073260869565,0.6269483315217391,0.2035071304347826
841613,1.4775280898876404,0.4229060393258427,0.4155387415730337,0.6687191741573034,0.17199457584269662
471348,1.408839779005525,0.2977475491712707,0.29691394309392266,0.58290291160221,0.214537073480663
